name,race,gender,party,age,education ,term ,prev_job,wealth,christian,abortion,gun_policy,voting_record,bills,region
"Adams, Alma",1,1,2,78,8,10,1,0.5,1,1,2,0.979,158,2
"Aderholt, Robert",6,2,1,59,7,27,1,1.1,1,0,1,0.975,91,2
"Aguilar, Pete",7,2,2,45,5,9,1,1,1,1,2,0.992,73,3
"Alford, Mark",6,2,1,60,3,1,2,1.5,1,0,1,0.993,25,4
"Allen, Rick",6,2,1,63,5,9,2,15,1,0,1,0.996,51,2
"Allred, Colin",1,2,2,40,7,5,1,2,1,1,2,0.989,48,2
"Amo, Gabe",1,2,2,36,5,1,1,0.5,1,1,2,0.993,2,1
"Amodei, Mark",6,2,1,65,7,12,1,11,1,1,1,0.991,97,3
"Armstrong, Kelly",6,2,1,47,7,5,1,8,1,1,1,0.972,42,4
"Arrington, Jodey",6,2,1,51,6,7,1,5,1,1,1,0.952,129,2
"Auchincloss, Jake",6,2,2,35,7,3,1,10,0,1,2,0.975,12,1
"Babin, Brian",6,2,1,75,8,9,1,1,1,0,1,0.969,89,2
"Bacon, Don",6,2,1,60,7,7,2,0.9,1,1,1,0.986,147,4
"Baird, Jim",6,2,1,78,8,5,1,3,1,1,1,0.983,29,4
"Balderson, Troy",6,2,1,61,3,5,2,1.5,1,0,1,0.999,38,4
"Balint, Becca",6,1,2,55,7,1,1,0.2,0,1,2,0.981,22,1
"Banks, Jim",6,2,1,44,7,7,1,1,1,0,1,0.964,160,4
"Barr, Andy",6,2,1,50,7,11,1,2,1,0,1,0.947,161,2
"Barragan, Nanette",7,1,2,47,7,7,1,1.2,1,1,2,0.978,96,3
"Bean, Aaron",6,2,1,55,5,1,2,1.5,1,0,2,0.995,20,2
"Beatty, Joyce",1,1,2,73,6,12,2,5,1,1,2,0.971,153,4
"Bentz, Cliff",6,2,1,71,7,3,1,1.3,1,0,1,0.992,14,3
"Bera, Ami",3,2,2,58,7,11,1,3,0,1,2,0.994,92,3
"Bergman, Jack",6,2,1,76,7,7,2,12,1,0,1,0.989,78,4
"Beyer, Don",6,2,2,73,5,9,2,124,1,1,2,0.974,205,1
"Bice, Stephanie",6,1,1,50,5,3,2,3,1,0,1,0.997,49,4
"Biggs, Andy",6,2,1,65,7,7,1,1.5,1,1,1,0.995,814,3
"Bilirakis, Gus",6,2,1,60,7,17,1,3,1,1,1,0.947,267,2
"Bishop, Sanford",1,2,2,76,7,31,1,1.1,1,1,2,0.987,137,2
"Bishop, Dan",6,2,1,59,7,3,1,0.6,1,0,1,0.932,42,2
"Blumenauer, Earl",6,2,2,75,7,27,1,3.8,0,1,2,0.917,500,3
"Blunt Rochester, Lisa",1,1,2,61,6,7,2,1,1,1,2,0.975,1031,1
"Boebert, Lauren",6,1,1,37,2,3,2,41,1,0,1,0.945,135,3
"Bonamici, Suzanne",1,1,2,69,7,12,1,2,0,1,2,0.945,225,3
"Bost, Mike",6,2,1,63,2,9,2,1.2,1,0,1,0.989,112,4
"Boyle, Brendan",6,2,2,46,6,9,1,0.5,1,1,2,0.97,36,1
"Brecheen, Josh",6,2,1,44,5,1,2,0.9,1,0,,0.989,33,2
"Brown, Shontel",1,1,2,48,4,3,2,1,1,1,2,0.996,18,4
"Brownley, Julia",6,1,2,71,7,11,2,1.3,0,1,2,0.973,250,3
"Buchanan, Vern",6,2,1,72,7,17,2,157,1,0,1,0.945,166,2
"Buck, Ken",6,2,,64,7,9,1,3,1,1,1,0.933,123,3
"Bucshon, Larry",6,2,1,61,7,13,1,1.5,1,1,1,0.958,96,4
"Budzinski, Nikki",6,1,2,46,5,1,2,0.8,0,1,,0.996,15,4
"Burchett, Tim",6,2,1,59,5,5,2,1.7,1,0,1,0.998,84,2
"Burgess, Michael",6,2,1,72,7,17,1,3,1,0,1,0.981,437,2
"Burlison, Eric",6,2,1,47,7,1,2,0.7,1,0,,0.974,26,4
"Bush, Cori",1,1,2,47,5,3,2,0.5,1,1,2,0.801,39,4
"Calvert, Ken",6,2,1,70,5,31,2,1.9,1,1,1,0.997,253,3
"Cammack, Kat",6,1,1,35,6,3,2,0.6,1,0,1,0.956,47,2
"Caraveo, Yadira",7,1,2,42,7,1,1,1,1,1,2,0.97,39,3
"Carbajal, Salud",7,2,2,58,6,7,2,1.3,1,1,2,0.995,109,3
"Cardenas, Tony",7,2,2,60,5,11,2,1.4,1,1,2,0.969,188,3
"Carey, Mike",6,2,1,52,5,3,2,0.7,1,0,1,0.995,32,4
"Carl, Jerry",6,2,1,65,3,3,2,1.2,1,0,1,0.993,17,2
"Carson, Andre",1,2,2,49,6,15,2,1,1,1,2,0.977,154,4
"Carter, John",6,2,1,82,7,21,1,12,1,0,1,0.866,136,2
"Carter, Buddy",6,2,1,66,5,9,1,56,1,1,1,0.986,147,2
"Carter, Troy",1,2,2,60,5,3,2,0.6,1,1,2,0.98,44,2
"Cartwright, Matt",6,2,2,62,7,11,1,4,1,1,2,0.982,368,1
"Casar, Greg",7,2,2,34,5,1,2,0.4,0,1,2,0.983,8,2
"Case, Ed",6,2,2,71,7,7,1,3,1,1,2,0.989,105,3
"Casten, Sean",6,2,2,51,6,5,1,1.5,0,1,2,0.99,86,4
"Castor, Kathy",6,1,2,57,7,17,1,0.8,1,1,2,0.987,188,2
"Castro, Joaquin",7,2,2,49,7,11,1,1.3,1,1,2,0.886,160,2
"Chavez-DeRemer, Lori",7,1,1,55,5,1,2,0.5,1,1,1,0.994,24,3
"Cherfilus-McCirmick, Sheila",1,1,2,44,7,3,2,0.8,1,1,2,0.97,24,2
"Chu, Judy",3,1,2,70,8,14,1,1,0,1,2,0.98,216,3
"Cicilline, David",6,2,,62,7,13,1,1.1,0,1,2,0.971,265,1
"Ciscomani, Juan",7,2,1,41,5,1,2,0.4,1,1,1,0.973,30,3
"Clark, Katherine",6,1,2,60,6,11,1,7,0,1,2,1,85,1
"Clarke, Yvette ",1,1,2,59,3,16,2,1,1,1,2,0.992,183,1
"Cleaver, Emanuel",1,2,2,79,5,19,2,1.4,1,1,2,0.818,209,4
"Cline, Ben",6,2,1,51,7,5,1,1.1,1,0,1,0.994,32,1
"Cloud, Michael",6,2,1,48,5,5,2,0.9,1,0,1,0.986,47,2
"Clyburn, Jim",1,2,2,84,5,31,2,2.1,1,1,2,0.99,119,2
"Clyde, Andrew",6,2,1,60,7,5,2,5,1,0,1,0.991,43,2
"Cohen, Steve",6,2,2,74,7,17,1,10,0,1,2,0.955,431,2
"Cole, Tom",2,2,1,74,8,21,2,1.8,1,1,1,0.971,210,2
"Collins, Mike",6,2,1,55,5,1,2,0.6,1,0,1,0.992,14,2
"Comer, James",6,2,1,51,5,7,2,1.3,1,0,1,0.986,41,2
"Connolly, Gerry",6,2,2,73,6,15,1,4,1,1,2,0.982,324,1
"Correa, Lou",7,2,2,65,7,7,1,1.5,1,1,2,0.961,98,3
"Costa, Jim",7,2,2,71,5,19,2,1.2,1,1,2,0.934,156,3
"Courtney, Joe",6,2,2,70,7,17,1,1.2,1,1,2,0.991,174,1
"Craig, Angie",6,1,2,51,5,5,2,4,1,1,2,0.974,97,4
"Crane, Eli",6,2,1,43,3,1,2,1,1,1,1,0.992,26,3
"Crawford, Rick",6,2,1,57,5,13,2,1.5,1,0,1,0.984,125,2
"Crenshaw, Dan",6,2,1,40,6,3,2,2.4,1,0,4,0.999,50,2
"Crockett, Jasmine",1,1,2,43,7,1,1,3-9,1,1,2,1,1,2
"Crow, Jason",6,2,2,45,7,3,1,2.6,1,1,4,1,24,4
"Cuellar, Henry",7,2,2,69,7,10,1,11,1,0,2,0.987,25,2
"Curtis, John",6,2,1,64,5,4,1,31.7,1,0,1,0.985,18,4
"D'Esposito, Anthony",7,2,1,42,5,1,2,1.3,1,1,1,1,2,1
"Davids, Sharice",2,1,2,44,7,3,1,0.2,0,1,4,1,29,4
"Davidson, Warren",6,2,1,54,5,5,2,0.5,1,0,1,0.979,12,5
"Davis, Danny",1,2,2,83,6,14,1,0.4,1,1,4,1,46,4
"Davis, Donald",1,2,2,53,6,1,2,1.1,1,1,3,1,1,2
"Dean, Madeleine        ",1,1,2,65,7,3,1,9.6,1,1,4,0.994,27,1
"DeGette, Diana",6,1,2,67,7,14,1,3.1,0,1,2,1,143,4
"De La Cruz, Monica",7,1,1,49,5,1,2,1.7,1,0,1,1,3,2
"DeLauro, Rosa",6,1,2,81,6,17,1,3.5,0,1,1,1,114,1
"DelBene, Suzan",6,1,2,62,7,7,1,14.5,0,1,1,1,74,3
"Deluzio, Christopher",6,2,2,40,7,1,1,2.1,-,1,1,1,7,1
"DeSaulnier, Mark",6,2,2,72,5,5,1,5,1,1,1,0.997,78,3
"DesJarlais, Scott",6,2,1,60,7,7,1,2.8,0,0,2,1,3,4
"Diaz-Balart, Mario",7,2,1,63,5,11,1,2.5,1,0,2,0.982,36,2
"Dingell, Debbie",6,1,2,70,5,5,1,3.8,1,1,2,1,51,1
"Doggett, Lloyd",6,2,2,78,7,15,1,2.5,1,1,2,1,33,2
"Donalds, Byron",1,2,1,45,5,2,1,1.5,1,0,1,1,6,1
"Duarte, John",6,2,1,58,5,1,2,2.5,0,0,1,1,5,3
"Duncan, Jeff",6,2,1,58,5,7,1,1.5,1,0,1,0.999,36,1
"Dunn, Neal",6,2,1,71,7,4,1,2.6,1,0,1,0.998,6,2
"Edwards, Chuck",6,2,1,64,5,1,1,1,0,0,1,1,5,1
"Ellzey, Jake",6,2,1,54,5,2,1,1,1,0,1,1,2,2
"Emmer, Tom",6,2,1,63,7,5,1,1.8,1,0,1,0.999,45,4
"Escobar, Veronica",7,1,2,55,7,3,1,1,1,1,3,0.996,15,2
"Eshoo,Anna ",6,1,2,81,5,16,1,4,1,1,4,0.994,34,3
"Estes, Ron",6,2,1,68,7,4,1,1.5,0,0,1,0.995,10,4
"Evans, Dwight",1,2,2,70,5,5,1,3.1,1,1,1,1,29,1
"Ezell, Mike",6,2,1,65,5,1,2,1,1,0,1,1,2,4
"Fallon, Pat",6,2,1,56,5,2,1,1,1,0,1,1,8,2
"Feenstra, Randy",6,2,1,55,6,2,1,1.2,1,0,1,0.994,12,2
"Ferguson, Drew",6,2,1,57,7,4,1,5.5,0,0,1,0.995,27,2
"Fernandez, Theresa",6,1,2,65,7,2,1,1.2,1,1,1,---,0,2
"Finstad, Brad",6,2,1,48,5,2,2,2,1,0,1,1,4,4
"Fischback, Michelle",6,1,1,58,5,2,1,1,1,0,1,1,6,4
"Fitzgerald, Scott",6,2,1,60,5,2,1,1,1,0,1,0.999,14,4
"Fitzpatrick, Brian",6,2,1,50,7,4,1,3,1,0,1,0.999,31,1
"Fleischmann, Chuck",6,2,1,62,7,7,1,2,1,0,1,0.997,22,2
"Fletcher, Lizzie",6,1,2,49,7,3,1,1,1,1,1,1,33,1
"Flood, Mike",6,2,1,49,7,2,1,1,1,0,1,1,1,4
"Fong, Vince",3,2,1,44,5,1,1,1,---,0,1,--,2,3
"Foster, Bill",6,2,2,69,8,8,1,10,0,1,1,0.993,23,4
"Foushee, Valerie",1,1,2,68,5,1,1,1,1,1,1,1,7,1
"Foxx, Virginia",6,1,1,81,7,10,1,1.3,1,0,1,0.982,20,1
"Frankel, Lois",6,1,2,76,7,6,1,2.4,0,1,4,1,37,2
"Franklin, Scott",6,2,1,60,5,2,1,1,1,0,1,1,7,2
"Frost, Maxwell",1,2,2,27,5,1,2,0.3,1,1,4,1,3,2
"Fry, Russell",6,2,1,39,5,1,1,1,1,0,1,1,1,1
"Fulcher, Russ",6,2,1,62,5,3,1,1,1,0,1,0.999,11,4
"Gaetz, Matt",6,2,1,42,7,4,1,1.4,1,0,1,1,23,2
"Gallego, Ruben",6,2,2,44,6,5,2,1.3,1,1,2,0.995,36,2
"Garamendi, John",6,2,2,79,7,8,1,7.5,1,1,1,1,63,3
"Garbarino, Andrew",6,2,1,40,5,2,1,1,1,0,1,1,16,1
"Garcia, Sylvia",6,1,2,74,7,3,1,1.2,1,1,1,1,15,2
"Garcia, Robert",7,2,2,46,7,1,1,2,1,1,1,1,3,3
"Garcia, Mike",7,2,1,48,5,3,2,2,1,0,1,0.998,10,3
"Gimenez, Carlos",6,2,1,70,5,2,1,4,1,0,1,0.997,7,2
"Gluesenkamp Perez, Marie",6,1,2,36,5,1,2,1,0,1,1,---,1,3
"Golden, Jared",6,2,2,42,5,3,2,1,0,0,1,0.996,22,1
"Goldman, Dan",6,2,2,48,7,1,1,1,0,1,2,1,7,1
"Gomez, Jimmy",7,2,2,49,5,4,2,1,1,1,1,0.999,29,3
"Gonzales, Tony",7,2,1,44,5,2,2,1,1,0,1,0.998,12,2
"Gonzalez, Vincente",6,2,2,57,7,4,1,2,1,1,1,1,21,2
"Gonzalez-Colon, Jenniffer",7,1,1,48,5,4,1,1,---,0,1,1,3,5
"Good, Bob",6,2,1,59,5,2,1,1,1,0,1,0.999,3,2
"Gooden, Lance",6,2,1,41,5,3,1,1,0,0,1,1,5,2
"Gosar, Paul",6,2,1,65,7,7,1,3.5,1,0,1,0.995,24,3
"Gottheimer, Josh",6,2,2,49,7,4,1,5,0,1,2,0.997,20,1
"Granger, Kay",6,1,1,81,5,14,1,5,1,0,1,0.999,19,2
"Graves, Sam",6,2,1,60,5,12,1,3.3,1,0,1,0.996,29,4
"Graves, Garret",6,2,1,52,5,5,1,1.5,1,0,1,1,20,2
"Green, Al",1,2,2,77,5,10,1,1,1,1,1,0.998,17,2
"Green, Mark",6,2,1,59,7,3,1,2.1,1,0,1,0.996,25,2
"Greene, Marjorie Taylor",6,1,1,50,5,2,1,10,1,0,1,0.995,7,2
"Griffith, Morgan",6,1,1,66,7,7,1,1.5,1,0,1,0.997,16,4
"Grijalva, Raul",7,2,2,76,5,11,1,1,1,1,1,0.995,37,3
"Grothman, Glenn",6,2,1,69,5,5,1,1,0,0,1,0.995,21,4
"Guest, Michael",6,2,1,54,7,3,1,1,1,0,1,0.996,9,3
"Guthrie, Brett",6,2,1,60,7,8,1,1,0,0,1,0.997,38,2
"Hageman, Harriet",6,1,1,62,5,1,1,1.1,0,0,1,1,2,4
"Harder, Josh",6,2,2,38,6,3,1,1,1,1,2,1,14,3
"Harris, Andy",6,2,1,67,7,7,1,2.3,1,0,1,0.998,22,1
"Hayes, Jahana",1,1,2,51,6,3,1,0.107 mil,1,1,2,0.99,89,1
"Hern, Kevin",6,2,1,62,7,4,2,109,1,0,1,0.99,52,5
"Higgins, Clay",6,2,1,63,3,4,2,0.8 mil,0,0,1,0.94,117,2
J. French Hill,6,2,1,66,5,5,2,20,0,0,1,0.99,116,2
"Himes, James",6,2,2,58,6,8,2,$10,0,1,2,0.98,106,1
"Hinson, Ashley",6,1,1,41,5,2,2,4.5,0,0,1,0.99,61,2
"Horsford, Steve",1,2,2,51,5,4,2,0.211 mil,0,1,2,0.96,85,3
"Houchin, Erin",6,1,1,47,6,1,2,1.7,1,0,1,1,22,4
"Houlahan, Chrissy",6,1,2,57,5,3,1,2.12,0,1,2,0.89,85,1
"Hoyer, Steny",6,2,2,85,7,22,1,1,0,1,2,0.9,375,1
"Hoyle, Val",6,1,2,60,5,1,2,5,1,1,2,0.93,11,3
"Hudson, Richard",6,2,1,52,5,5,2,1.78,1,0,1,0.99,125,2
"Huffman, Jared",6,2,2,60,7,6,1,1.2,0,1,2,0.98,203,3
"Huizenga, Bil",6,2,1,55,5,7,2,2.34,1,0,1,0.95,139,4
"Hunt, Wesley",1,2,1,42,5,1,2,3.45,1,0,1,0.83,9,2
"Issa, Darrell",6,2,1,70,5,6,2,234.68,0,1,2,0.97,345,5
"Ivey, Glenn",1,2,2,63,8,1,2,2.02,1,1,2,0.96,8,5
"Jackson, Jeff",6,2,2,41,7,1,1,1.2,1,1,2,0.98,13,2
"Jackson, Jonathan",1,2,2,58,7,1,2,2.55,1,1,2,0.5,7,4
"Jackson, Ronny",6,2,1,57,7,3,2,1,1,0,1,1,67,5
"Jackson Lee, Sheila (died but not replaced yet)",1,1,2,74,7,17,1,--,1,1,2,1,"1,109",2
"Jacobs, Sara",6,1,2,35,6,2,2,78.09,0,1,2,1,49,5
"James, John ",1,2,1,43,7,1,2,9.29,1,0,1,0.92,36,4
"Jayapal, Pramila",3,1,2,58,7,4,2,-- ,1,1,2,0.94,150,5
"Jeffries, Hakeem",1,2,2,54,7,5,1,0.588,1,1,2,0.97,125,1
"Johnson, Dusty",6,2,1,47,6,3,2,---,1,0,1,0.96,96,4
,,,,,,,,,,,,,,
"Johnson, Mike",6,2,1,52,7,4,1,0.6,1,0,1,0.99,66,2
"Jordan, Jim",6,2,1,60,7,7,1,0.258,1,0,1,0.99,54,4
"Joyce, David",6,2,1,66,7,6,1,4.79,1,0,1,0.98,117,4
"Joyce, John",6,2,1,63,7,3,1,17.25,1,0,1,0.88,39,1
"Kamlager-Dove, Sydney",1,1,2,52,6,1,,--,1,1,2,1,29,5
"Kaptur, Marcy",6,1,2,77,6,20,2,0.746,1,1,2,0.99,494,4
"Kean, Thomas",6,2,1,57,6,1,2,21.1,1,0,1,0.95,28,1
"Keating, William",6,2,2,71,7,6,1,17.75,1,1,2,0.94,148,1
"Kelly, Mike",6,2,1,75,5,7,2,12.93,1,0,1,0.92,153,1
"Kelly, Robin",1,1,2,67,8,5,2,0.231,1,1,2,0.99,134,4
"Kelly, Trent",6,2,1,58,7,3,1,--,1,0,1,0.95,57,2
"Kennedy, Timothy",6,2,2,47,6,1,2,--,1,1,2,0.89,2,1
"Khanna, Ro",3,2,2,47,7,4,2,--,0,1,2,0.93,139,5
"Kiggans, Jennifer        ",6,1,2,45,6,1,2,1,1,1,2,0.8,26,1
"Kildee, Daniel",6,2,2,66,5,6,2,5,1,1,2,0.94,144,4
"Kiley, Kevin",6,2,1,38,7,1,1,1,1,0,1,0.92,19,5
"Kilmer, Derek",6,2,2,50,8,6,2,--,1,1,2,0.99,194,5
"Kim, Andy",3,2,2,42,6,2,2,0.949,1,1,2,0.95,92,1
"Kim, Young",3,1,1,61,5,2,2,3.17,1,0,1,0.95,58,5
"Krishnamoorthi, Raja",3,2,2,51,7,3,1,3.37,1,1,2,0.95,127,4
"Kuster, Ann",6,1,2,67,7,6,2,-,1,1,2,0.95,161,1
"Kustoff, David",6,2,1,57,7,3,1,6.78,1,0,1,0.99,78,2
"LaHood, Darin",6,2,1,56,7,3,1,0.405,1,0,1,0.96,102,4
"LaLota, Nick",6,2,2,39,7,1,1,0.701,1,1,2,0.86,34,1
"LaMalfa, Doug",6,2,1,64,7,6,1,5,1,0,1,0.89,112,5
"Lamborn, Doug",6,2,1,69,7,7,1,0.397,1,0,1,0.99,183,3
"Landsman, Greg",6,2,2,39,6,1,2,1.63,1,1,2,1,15,4
"Langworthy, Nicholas",6,2,1,44,5,1,2,5,0,0,1,0.9,32,1
"Larsen, Rick",6,2,2,59,7,12,2,1.5,1,1,2,0.98,166,5
"Larson, John",6,2,2,76,6,13,1,1.1,1,1,2,0.9,242,1
"Latta, Robert",6,2,1,67,7,7,1,7.23,1,0,1,0.95,221,4
"LaTurner, Jake",6,2,1,36,5,2,2,--,1,0,1,0.93,20,4
"Lawler, Michael",6,2,1,37,6,1,1,0.134,1,0,1,0.97,72,1
"Lee, Barbara",1,1,2,77,7,7,2,1.5,1,1,2,0.94,666,5
"Lee, Laurel",6,1,1,50,8,1,1,13.03,1,0,1,0.98,15,2
"Lee, Summer",1,1,2,36,7,1,1,--,0,1,2,0.98,10,1
"Lee, Susie",3,1,2,57,6,2,1,14.98,1,1,2,0.95,75,3
"Leger Fernandez, Teresa",7,1,2,60,7,2,1,3.2,1,1,2,0.95,64,2
"Lesko, Debbie",6,1,1,61,5,3,2,1.95,1,0,1,1,107,2
"Letlow, Julia",6,1,1,41,6,2,1,-,1,0,1,0.98,12,2
"Levin, Mike",6,2,2,46,7,3,1,9.26,0,1,2,0.99,98,5
"Lieu, Ted",3,2,2,55,7,5,1,3.5,1,1,2,0.99,227,5
"Lofgren, Zoe",6,1,2,76,7,15,,3.54,0,1,2,0.98,351,5
,,,,,,,,,,,,,,
"Loudermilk, Barry",6,2,1,59,5,5,2,0.101,1,0,1,1,57,2
"Lucas, Frank",6,2,1,64,5,13,2,1.3,1,0,1,0.92,110,2
"Luetkemeyer, Blaine",6,2,1,71,5,6,1,3.7,1,0,1,0.95,230,4
"Luna, Anna Paulina",7,1,1,35,5,1,2,0.597,0,0,1,0.87,43,2
"Luttrell, Morgan",6,2,1,42,7,1,2,7.2,1,0,1,0.96,22,2
"Lynch, Stephen",6,2,2,69,6,10,1,1.12,1,1,2,0.99,240,1
"Mace, Nancy",6,1,1,47,6,2,2,4.6,1,0,1,0.98,95,1
"Magaziner, Seth",6,2,2,41,7,1,1,1.6,0,1,2,0.92,19,1
"Malliotakis, Nicole        ",,1,1,44,5,1,2,0.2,1,0,1,0.97,79,1
"Maloy, Celeste",6,1,1,43,5,1,1,-- ,1,0,1,0.97,15,3
"Mann, Tracey",6,2,1,47,5,2,2,7.88,1,0,1,0.99,23,4
"Manning, Kathy",6,1,2,67,7,1,1,61.68,1,1,2,0.99,11,2
"Massie, Thomas",6,2,1,53,5,1,1,3.1,1,0,1,0.92,24,4
"Mast, Brian",6,2,1,44,5,4,1,3.83,1,0,2,0.97,32,2
"Matsui, Doris",3,1,2,80,5,10,2,73.9,0,1,2,0.98,32,3
"McBath, Lucy",1,1,2,64,5,4,2,1.59,1,1,2,0.97,18,2
"McCaul, Michael",6,2,1,62,7,10,1,200,1,0,1,0.97,31,4
"McClain, Lisa",6,1,1,58,5,1,2,4.9,1,0,1,0.97,30,4
"McClellan, Jennifer",6,1,2,51,7,1,1,2.66,1,1,2,0.99,18,2
"McClintock, Tom",6,2,1,68,5,4,2,0.043,1,0,1,0.98,20,3
"McCollum, Betty",6,1,2,70,5,23,1,0.032,1,1,2,0.99,9,4
"McCormick, Richard",6,2,1,55,5,17,2,0.969,1,0,2,0.99,17,2
"McGarvey, Morgan",6,2,2,44,5,1,1,1.29,0,1,2,0.99,23,4
"McGovern, James",6,2,2,64,6,11,2,3.2,1,1,2,0.99,21,1
"McHenry, Patrick	",6,2,1,48,5,19,1,1.11,1,0,1,0.83,22,2
"McIver, LaMonica",1,1,2,38,6,0.5,1,--,1,1,2,0.94,0,1
"Meeks, Gregory",1,2,2,71,7,13,1,--,1,1,2,0.98,19,1
"Menendez, Robert",7,2,2,39,7,1,1,0.951,1,1,2,0.99,11,1
"Meng, Grace",3,1,2,49,6,11,1,2.5,0,1,2,0.95,33,1
"Meuser, Daniel",6,2,1,60,6,5,1,83.67,1,0,1,0.97,29,1
"Mfume, Kweisi",1,2,1,75,6,8,1,1.13,1,1,2,0.97,14,1
"Miller, Carol",6,1,2,75,5,3,1,14.77,1,0,1,0.98,35,4
"Miller, Mary",6,1,1,70,5,2,1,15.79,1,0,1,0.99,22,4
"Miller, Max",6,2,1,41,5,1,2,14.04,0,0,1,0.95,17,4
"Miller-Meeks, Mariannette",6,1,1,69,7,2,1,1.78,1,0,1,0.97,45,4
"Mills, Cory",6,2,1,44,5,1,2,24.18,1,0,1,0.99,15,2
"Molinaro, Marcus",6,2,1,49,4,1,2,0.17,1,0,1,0.96,48,1
"Moolenaar, John	",6,2,1,63,6,5,1,0.5,1,0,1,0.99,25,4
"Mooney, Alexander",6,2,1,53,5,5,1,0.202,1,0,1,0.88,28,2
"Moore, Barry",6,2,1,58,5,2,1,2.16,1,0,1,0.99,22,2
"Moore, Blake",6,2,2,44,6,2,1,5.8,1,0,1,0.98,4,3
"Moore, Gwen",1,1,2,73,5,10,2,0.2,1,1,2,0.94,22,4
"Moran, Nathaniel",6,2,2,50,7,1,1,1.09,1,0,1,0.99,19,4
"Morelle, Joseph",6,2,2,67,5,4,2,0.376,1,1,2,0.97,30,1
"Moskowitz, Jared",6,2,2,43,7,1,1,11.23,0,1,2,0.95,15,2
"Moulton, Seth",6,2,2,45,6,5,1,5.02,1,1,2,0.98,11,1
"Moylan, James",6,2,1,62,5,1,2,--,1,0,2,0.29,30,5
"Mrvan, Frank",6,2,2,55,5,2,1,0.199,1,1,2,0.99,4,4
"Mullin, Kevin",6,2,1,54,6,1,1,3.47,1,1,2,0.94,5,3
"Murphy, Gregory",6,2,1,61,7,3,1,21.9,1,0,1,0.87,28,2
"Nadler, Jerry",6,2,2,77,7,17,1,6,0,1,2,0.97,14,1
"Napolitano, Grace",6,1,2,87,2,13,2,1.52,1,1,2,0.96,14,3
"Neal, Richard",6,2,2,75,6,18,1,0.492,1,1,2,0.98,6,1
"Neguse, Joe",1,2,2,40,7,3,1,0.825,1,1,2,0.99,13,3
"Nehls, Troy",6,2,1,56,6,2,1,0.346,1,0,1,0.9,33,4
"Newhouse, Dan",6,2,1,69,5,5,2,18.63,1,0,1,0.96,42,3
"Nickel, Wiley",6,2,2,48,7,1,1,18.99,1,1,2,0.97,10,2
"Norcross, Donald",6,2,2,65,4,6,2,6.49,1,1,2,0.94,19,1
"Norman, Ralph",6,2,1,71,5,4,2,66.14,1,0,1,0.98,21,2
"Norton, Elanor",1,1,2,87,7,17,1,2.66,1,1,2,0.45,125,5
"Nunn, Zach",6,2,1,45,6,1,1,1.03,1,0,1,0.97,51,4
"Oberolte, Jay",6,2,1,54,8,2,1,97.89,1,0,1,0.99,20,3
"Ocosio-Cortez, Alexandria",7,1,2,34,5,3,1,0.024,1,1,2,0.97,10,1
"Ogles, Andy",6,2,1,53,5,1,1,1.09,1,0,1,0.95,71,2
"Omar, Ilhan",1,2,2,42,5,3,1,0.114,0,1,2,0.98,23,4
"Owens, Burgess",1,2,1,73,5,2,2,0.024,1,0,1,0.99,17,3
"Pallone, Frank",6,2,2,72,7,19,1,4.49,1,1,2,0.99,17,1
"Palmer, Gary",6,2,1,70,5,5,1,3.39,1,0,1,0.98,39,2
"Panetta, Jimmy",6,2,2,55,7,4,1,0.473,1,1,2,0.99,43,3
"Pappas, Chris",6,2,2,44,5,3,1,4.29,1,1,2,0.99,39,1
"Pascrell, Bill",6,2,2,--,6,14,1,6.59,1,1,2,0.93,20,1
"Pelosi, Nancy",6,1,2,84,5,19,1,250.81,1,1,2,0.89,16,3
"Peltola, Mary",2,1,2,51,3,2,2,0.081,1,1,2,0.91,1,5
"Pence, Greg",6,2,1,67,6,3,1,16.22,1,0,1,0.8,23,4
"Perez, Marie",5,1,2,36,6,1,1,1.07,1,1,2,0.9,8,3
"Perry, Scott",6,2,1,62,6,6,1,1.41,1,0,1,0.97,38,1
"Peters, Scott",6,2,2,66,7,6,1,52.76,1,1,2,0.98,26,3
"Pettersen, Brittany",6,1,2,42,5,1,1,0.93,1,1,2,0.99,23,3
"Pfluger, August",6,2,1,46,6,2,2,1.53,1,0,1,0.99,57,4
"Phillips, Dean",6,2,2,55,6,3,1,47.4,0,1,2,0.72,21,4
"Pingree, Chellie",6,1,2,69,5,8,2,7.31,1,1,2,0.95,18,1
"Plaskett, Stacey",1,1,2,58,7,5,1,--,1,1,2,0.42,25,5
"Pocan, Mark",6,2,2,60,5,6,2,0.753,1,1,2,0.96,18,4
"Porter, Katie",6,1,2,50,7,3,1,1.53,1,1,2,0.91,80,3
"Posey, Bill",6,2,1,76,4,8,2,--,1,1,1,0.97,29,2
"Pressley, Ayanna",1,1,2,50,3,3,2,1.88,1,1,2,0.95,37,1
"Quigley, Mike",6,2,2,65,6,8,1,0.1,1,1,2,0.95,12,4
"Radewagen, Amata Coleman",1,1,1,76,5,5,1,0.193,1,0,2,0.17,4,5
"Ramirez, Delia",7,1,2,41,5,1,1,0.391,1,1,2,0.98,9,4
"Raskin, Jamie",6,2,2,61,7,4,1,4.99,0,1,2,0.99,27,1
"Reschenthaler, Guy",6,2,1,41,7,3,1,0.345,1,0,1,0.99,25,1
"Rogers, Hal",6,2,1,86,7,22,1,3.7,1,0,1,0.95,9,4
"Rogers, Mike",6,2,1,61,5,11,1,14.5,1,0,1,0.97,5,2
"Rose, John",6,2,1,59,7,3,1,62.87,1,0,1,0.99,12,2
"Rosendale, Matt",6,2,1,64,3,2,2,30.11,1,0,1,1,47,3
"Ross, Deborah",6,1,2,61,7,2,1,5.01,1,1,2,0.98,23,2
"Rouzer, David",6,2,1,52,5,5,2,0.82,1,0,1,0.99,22,2
"Roy, Chip",6,2,1,52,7,3,1,1.42,1,0,1,0.98,46,4
"Ruiz, Raul",7,2,2,52,7,6,1,1.13,1,1,2,0.99,46,3
"Rulli, Michael",6,2,1,55,5,1,1,2.71,0,1,2,0.98,41,4
"Ruppersberger, Dutch",6,2,2,78,7,11,1,1.86,0,0,3,0.93,3,5
"Rutherford, John Henry",6,2,1,63,5,4,2,1.71,1,0,1,0.99,1,1
"Ryan, Pat",6,2,2,49,8,4,1,2.81,0,1,2,0.99,20,1
"Sablan, Kilili",3,2,2,66,5,8,1,0.4,1,1,2,0.35,20,5
"Salazar, Maria Elvira",7,1,1,62,5,2,1,18.4,1,1,2,0.91,55,2
"Salinas, Andrea",7,1,2,54,5,1,1,0.698,1,1,3,0.99,21,3
"Sanchez, Linda",7,1,2,57,5,11,1,1.56,1,1,3,0.98,230,3
"Santos, George",7,2,1,35,5,1,1,--,1,1,2,0.94,43,1
"Sarbanes, John",6,2,2,61,5,7,1,1.24,1,1,2,0.96,104,5
"Scalise, Steve",6,2,1,58,5,8,1,0.33,0,0,1,0.89,1,2
"Scanlon, Mary Gay",6,1,2,60,8,3,1,9.36,1,1,2,0.95,93,1
"Schakowsky, Jan",6,1,2,79,5,12,1,0.521,0,1,2,0.97,418,1
"Schiff, Adam",6,2,2,63,8,12,1,1.82,0,1,2,0.96,328,3
"Schneider, Brad",6,2,2,57,5,2,1,8.95,0,1,2,0.97,181,4
"Scholten, Hillary",6,1,2,42,5,1,1,0.304,1,1,2,0.99,11,4
"Schrier, Kim",6,1,2,50,8,2,1,18.83,0,1,2,0.98,79,5
"Schultz, Debbie Wasserman",6,1,2,58,5,5,1,0.49,0,1,3,0.99,153,2
"Schweikert, David",6,2,1,62,5,5,1,0.604,1,0,3,0.99,158,2
"Scott, Bobby",1,2,2,57,8,14,1,1.83,1,0,3,0.99,313,5
"Scott, David",1,2,2,54,5,3,1,3.26,1,0,3,0.98,96,2
"Scott, Austin",6,2,1,39,5,1,1,1.68,1,0,3,0.98,64,2
"Self, Keith Alan",6,2,1,58,5,1,1,--,1,0,3,0.99,27,3
"Sessions, Petes",6,2,1,75,5,11,1,10.06,1,0,3,0.94,437,2
"Sewell, Terri",1,1,2,58,8,12,1,0.33,1,1,2,0.93,109,2
"Sherman, Brad",6,2,2,69,5,10,1,8.42,0,0,3,0.98,217,3
"Sherrill, Mikie",6,2,2,52,8,2,1,9.96,1,1,2,0.94,94,2
"Simpson, Mike",6,2,1,69,5,12,2,2.47,1,0,1,0.94,155,5
"Slotkin, Elissa",6,1,2,47,6,2,1,0.58,0,1,2,0.99,161,4
"Smith, Chris",6,2,1,72,5,10,1,0.208,1,1,2,0.97,887,1
"Smith, Adam",6,2,1,45,5,3,1,0.57,1,1,2,0.94,215,5
"Smith, Adrian",1,2,2,48,5,1,1,3.33,1,1,3,0.96,113,1
"Smith, Jason",6,2,1,43,5,3,1,1.55,1,1,2,0.96,116,4
"Smucker, Lloyd",6,2,1,60,5,3,1,3.11,1,0,3,0.98,77,1
"Sorensen, Eric",6,2,2,48,5,1,1,0.75,1,0,1,0.94,12,3
"Soto, Darren",7,2,2,46,8,6,1,1.35,1,1,3,0.99,136,2
"Spanberger, Abigail",6,1,2,44,6,2,1,2.15,1,1,2,0.99,111,5
"Spartz, Victoria",6,1,1,45,6,2,1,25.34,1,0,3,0.93,31,4
"Stansbury, Melanie",6,1,2,46,6,1,1,0.175,1,1,3,0.97,25,5
"Stanton, Greg",5,2,2,52,5,2,1,1.44,1,0,3,0.98,53,5
"Stauber, Pete",6,2,1,58,5,3,1,1.71,1,0,3,0.93,75,5
"Steel, Michelle",3,1,1,53,5,1,1,10.01,1,1,2,0.99,70,3
"Stefanik, Elise",6,1,1,39,5,6,1,0.282,1,1,2,0.99,167,1
"Steil, Bryan",6,2,1,42,5,2,1,0.812,1,0,1,0.99,63,4
"Steube, Greg",6,2,1,48,5,5,1,0.407,1,0,1,0.89,166,2
"Stevens, Haley",6,1,2,40,5,2,1,0.291,1,0,2,0.99,69,2
"Stewart, Chris",6,2,1,52,5,7,1,0.408,1,0,1,0.94,95,2
"Strickland, Marilyn",1,2,2,72,5,1,1,2.52,1,0,2,0.98,29,4
"Strong, Dale",6,1,1,58,5,1,1,21.67,1,0,1,0.99,12,2
"Suozzi, Tom",6,2,2,61,8,4,1,7.82,0,0,2,0.97,58,1
"Swalwell, Eric",6,2,2,43,8,6,1,0.41,1,0,3,0.9,96,2
"Sykes, Emilia",1,1,2,49,5,1,1,0.515,1,0,2,0.96,25,1
"Takano, Mark",3,2,2,57,6,10,1,0.349,0,0,2,0.99,202,5
"Tenney, Claudia",6,1,1,62,5,2,1,1.25,1,0,1,0.99,146,1
"Thanedar, Shri",4,2,2,66,8,1,1,40.89,0,0,2,0.99,27,1
"Thompson, Bennie",1,2,2,76,5,14,1,2.5,1,0,3,0.96,240,4
"Thompson, Glenn",6,2,1,62,5,8,1,0.32,1,0,3,0.99,130,4
"Thompson, Mike",6,2,1,61,5,6,1,5.67,1,0,3,0.99,339,4
"Tiffany, Tom",6,2,1,62,5,2,1,0.215,1,0,1,0.98,54,4
"Timmons, William",6,2,1,39,5,2,1,22.55,1,0,1,0.99,24,2
"Titus, Dina",6,1,2,73,5,9,1,4.94,1,0,2,0.95,197,2
"Tlaib, Rashida",6,1,2,47,8,3,1,0.433,0,1,3,0.97,95,1
"Tokuda, Jill",3,1,2,48,5,1,1,0.608,1,1,3,0.99,33,3
"Tonko, Paul",6,2,2,73,5,11,1,0.33,1,0,2,0.99,195,5
"Torres, Norma",7,1,2,36,5,2,2,0.91,1,0,2,0.99,154,1
"Torres, Ritchie",7,2,2,41,5,3,2,0.83,1,1,2,0.96,112,5
"Trahan, Lori",6,1,2,48,5,3,1,30.81,1,0,2,0.98,58,3
"Trone, David",6,2,2,63,5,4,1,77.67,1,0,2,0.87,106,5
"Turner, Mike",6,2,1,63,5,10,1,0.387,1,0,1,0.93,182,2
"Underwood, Lauren",1,1,2,37,6,2,1,0.97,1,1,2,0.98,92,2
"Valadao, David",7,2,1,51,5,5,2,17.5,1,0,2,0.97,56,5
"Van Drew, Jeff",6,2,1,71,5,4,1,3.82,1,0,1,0.99,111,2
"Van Orden, Derrick",6,2,1,47,5,1,1,0.99,1,0,1,0.79,32,5
"Vargas Carlos, Juan",7,2,2,36,5,1,2,6.89,1,1,2,0.98,77,3
"Vasquez, Gabriel",7,2,2,44,5,1,2,0.32,1,0,2,0.99,30,5
"Veasey, Marc",1,2,2,52,5,10,1,0.147,1,0,2,0.98,111,4
"Valazque, Nydia",7,1,2,71,5,14,1,0.75,1,1,2,0.96,458,1
"Wagner, Ann",6,1,1,62,5,6,1,21.6,1,0,2,0.97,115,1
"Walberg, Tim",6,2,1,71,5,8,2,0.401,1,0,3,0.99,199,1
"Waltz, Michael",6,2,1,54,5,5,1,8.97,1,0,1,0.94,77,5
"Waters, Maxine",1,1,2,85,5,16,2,3.74,1,0,2,0.96,565,1
"Weber, Randy",6,2,1,76,5,7,1,0.576,1,0,1,0.98,83,5
"Webster, Dan",6,2,1,74,5,12,1,1.25,1,0,1,0.97,50,5
"Wenstrup, Brad",6,2,1,56,5,6,1,8.18,1,0,3,0.99,108,4
"Westerman, Bruce",6,2,1,57,5,6,2,0.88,1,0,3,0.99,81,4
"Wexton, Jennifer",6,1,2,56,8,2,1,1.2,1,1,2,0.85,63,1
"Wild, Susan",6,1,2,61,5,2,1,1.99,1,1,2,0.96,76,4
"Williams, Roger",6,2,1,69,5,4,1,75.3,1,0,1,0.92,102,2
"Williams, Nikema",1,1,2,43,5,1,2,0.799,1,0,2,0.99,98,2
"Williams, Brandon",1,2,1,41,5,1,1,2.37,1,0,1,0.94,17,5
"Wilson, Joe",6,2,1,76,5,10,1,1.6,1,0,1,0.97,312,2
"Wilson, Frederica",1,1,2,80,5,12,2,1.56,1,0,2,0.87,150,1
"Wittman, Rob",6,2,1,64,5,14,1,5.41,1,0,1,0.98,184,5
"Womack, Steve",6,2,1,62,5,10,1,0.365,1,0,1,1,52,2
"Yakym, Rudy",6,2,1,40,5,1,1,8.79,1,0,1,0.99,19,2
"Zinke, Ryan",6,2,1,62,5,2,2,24.05,1,0,1,0.97,43,4